<?xml version="1.0" encoding="UTF-8" standalone="yes"?>
<addon id="repository.poligex1" name="[COLOR lime]poligex[/COLOR] Repo" version="1" provider-name="poligex">
    <extension point="xbmc.addon.repository" name="poligex1">
        <info>https://raw.githubusercontent.com/Poligex0/poligex/addons.xml</info>
        <checksum>https://raw.githubusercontent.com/Poligex0/poligex/addons.xml.md5</checksum>
        <datadir zip="true">https://raw.githubusercontent.com/Poligex0/poligex/master/Repositorio/</datadir>
	    <dir>
        <info compressed="false">https://raw.githubusercontent.com/github.com/Poligex0/poligex/addons.xml</info>
        <checksum>https://raw.githubusercontent.com/Poligex0/poligex/addons.xml.md5</checksum>
        <datadir zip="true">https://raw.githubusercontent.com/Poligex0/poligex/Repositorio/</datadir>
        </dir>
    </extension>
    <extension point="xbmc.addon.metadata">
        <summary>Repositorio prueba Poligex</summary>
        <description></description>
        <disclaimer></disclaimer>
        <platform>all</platform>
    </extension>
</addon>
